aufgabe,level,task_passage,question,question_passage,type,option_a,option_b,option_c,option_d,correct_answer,points,order
Aufgabe 1,A1,,Maria arbeitet am Vormittag in einem Café.,Hallo! Ich heiße Maria. Ich bin 22 Jahre alt und komme aus Spanien. Jetzt wohne ich in Berlin. Ich lerne Deutsch und arbeite am Nachmittag in einem Café. In meiner Freizeit höre ich gern Musik und treffe meine Freunde.,TRUE_FALSE,Richtig,Falsch,,,B,5,1
Aufgabe 1,A1,,Was macht Paul am Nachmittag?,Heute ist Samstag. Paul steht um 8 Uhr auf. Danach frühstückt er und geht zum Supermarkt. Am Nachmittag spielt er Fußball mit seinen Freunden. Am Abend sieht er einen Film.,MULTIPLE_CHOICE,Er geht zum Supermarkt.,Er sieht einen Film.,Er spielt Fußball.,Er frühstückt.,C,5,2
Aufgabe 2,A1,,Wann beginnt die Party?,"Liebe Anna,

ich habe heute Geburtstag. Meine Party beginnt um 18 Uhr bei mir zu Hause. Wir essen Pizza und hören Musik. Kannst du bitte einen Kuchen mitbringen?

Liebe Grüße
Sophie",MULTIPLE_CHOICE,Um 16 Uhr.,Um 17 Uhr.,Um 18 Uhr.,Um 20 Uhr.,C,5,3
Aufgabe 2,A1,,Das Frühstück beginnt um 8 Uhr.,"Im Hotel

Rezeption: Guten Morgen. Wie kann ich Ihnen helfen?

Herr Klein: Ich habe ein Zimmer reserviert. Mein Name ist Klein.

Rezeption: Ja, Herr Klein. Ihr Zimmer ist Nummer 205. Das Frühstück gibt es von 7 bis 10 Uhr.",TRUE_FALSE,Richtig,Falsch,,,B,5,4
Aufgabe 3,A2,,Warum können einige Straßen am Wochenende nicht mit dem Auto befahren werden?,Am kommenden Wochenende findet in der Innenstadt ein Straßenfest statt. Die Veranstaltung beginnt am Samstag um 12 Uhr und endet am Sonntagabend. Besucher können verschiedene Gerichte probieren und Livemusik hören. Für Kinder gibt es einen kleinen Spielplatz. Wegen des Festes sind einige Straßen für Autos gesperrt.,MULTIPLE_CHOICE,Wegen einer Baustelle.,Wegen des Straßenfestes.,Wegen eines Fußballspiels.,Wegen eines Unfalls.,B,5,5
Aufgabe 3,A2,,"Besonders gut gefällt Julia, dass ihre Kollegen sehr ______ sind.","Julia arbeitet seit sechs Monaten in einem neuen Büro. Am Anfang war alles schwierig, weil sie viele neue Kollegen kennenlernen musste. Heute fühlt sie sich dort sehr wohl. Besonders gut gefällt ihr, dass ihre Kollegen sehr ______ sind und ihr bei Problemen helfen.",CLOZE_TEXT,freundlich,teuer,geschlossen,langsam,A,5,6
Aufgabe 4,A2,,Die Filiale ist am 8. Oktober wieder geöffnet.,"Liebe Kundinnen und Kunden,

aufgrund von Renovierungsarbeiten bleibt unsere Filiale vom 3. bis zum 7. Oktober geschlossen. Ab Dienstag, dem 8. Oktober, sind wir wieder zu den normalen Öffnungszeiten für Sie da. Während der Renovierung können Sie unsere Filiale in der Bahnhofstraße besuchen.",TRUE_FALSE,Richtig,Falsch,,,A,5,7
Aufgabe 4,A2,,Warum haben die Freunde ihren ursprünglichen Plan geändert?,"Tom wollte am Samstag mit seinen Freunden wandern gehen. Da die Wettervorhersage starken Regen angekündigt hatte, änderten sie ihren Plan. Stattdessen trafen sie sich bei Tom zu Hause und kochten gemeinsam. Am Abend spielten sie noch ein Brettspiel.",MULTIPLE_CHOICE,Tom war krank.,Sie hatten keine Zeit.,Das Wetter sollte schlecht werden.,Der Wanderweg war geschlossen.,C,5,8
Aufgabe 5,B1,"Immer mehr Menschen entscheiden sich dafür, einen Teil ihrer Arbeitszeit von zu Hause aus zu erledigen. Für viele Beschäftigte bedeutet dies eine größere zeitliche Flexibilität. Sie sparen beispielsweise den täglichen Weg ins Büro. Gleichzeitig kann die Arbeit im Homeoffice neue Herausforderungen mit sich bringen. Manche Arbeitnehmer haben Schwierigkeiten, Berufliches und Privates voneinander zu trennen.",Welcher Vorteil des Homeoffice wird im Text genannt?,,MULTIPLE_CHOICE,Die Arbeitnehmer arbeiten automatisch weniger.,Der Arbeitsweg fällt teilweise weg.,Alle Arbeitnehmer verdienen mehr.,Private Probleme verschwinden.,B,5,9
Aufgabe 5,B1,"Immer mehr Menschen entscheiden sich dafür, einen Teil ihrer Arbeitszeit von zu Hause aus zu erledigen. Für viele Beschäftigte bedeutet dies eine größere zeitliche Flexibilität. Sie sparen beispielsweise den täglichen Weg ins Büro. Gleichzeitig kann die Arbeit im Homeoffice neue Herausforderungen mit sich bringen. Manche Arbeitnehmer haben Schwierigkeiten, Berufliches und Privates voneinander zu trennen.",Laut Text kann Homeoffice auch Schwierigkeiten bei der Trennung von Arbeit und Privatleben verursachen.,,TRUE_FALSE,Richtig,Falsch,,,A,5,10
Aufgabe 6,B1,"Eine aktuelle Umfrage unter Studierenden zeigt, dass viele junge Menschen neben ihrem Studium arbeiten. Die wichtigsten Gründe dafür sind die Finanzierung des Lebensunterhalts und der Wunsch, praktische Berufserfahrung zu sammeln. Allerdings gaben einige Befragte an, dass die zusätzliche Arbeit ihre Studienleistungen negativ beeinflusse. Besonders während der Prüfungszeit falle es ihnen schwer, beide Bereiche miteinander zu vereinbaren.",Warum arbeiten viele Studierende neben dem Studium?,,MULTIPLE_CHOICE,Sie möchten weniger lernen.,Sie möchten reisen.,Sie benötigen Geld und möchten Berufserfahrung sammeln.,Sie möchten ihr Studium verlängern.,C,5,11
Aufgabe 6,B1,"Eine aktuelle Umfrage unter Studierenden zeigt, dass viele junge Menschen neben ihrem Studium arbeiten. Die wichtigsten Gründe dafür sind die Finanzierung des Lebensunterhalts und der Wunsch, praktische Berufserfahrung zu sammeln. Allerdings gaben einige Befragte an, dass die zusätzliche Arbeit ihre Studienleistungen negativ beeinflusse. Besonders während der Prüfungszeit falle es ihnen schwer, beide Bereiche miteinander zu vereinbaren.","Besonders während der ______ haben viele Studierende Schwierigkeiten, Arbeit und Studium zu vereinbaren.",,CLOZE_TEXT,Ferien,Prüfungszeit,Sommermonate,Mittagspause,B,5,12
Aufgabe 7,B2,"Die zunehmende Nutzung digitaler Medien hat verändert, wie Menschen Informationen aufnehmen. Während Nachrichten früher häufig über Zeitungen oder Fernsehsendungen konsumiert wurden, erreichen Informationen heute innerhalb weniger Sekunden ein großes Publikum. Diese Entwicklung erleichtert zwar den Zugang zu Nachrichten, erhöht jedoch gleichzeitig die Verantwortung der Nutzer. Sie müssen stärker darauf achten, zwischen seriösen Informationen und unbelegten Behauptungen zu unterscheiden.","Der Text behauptet, dass digitale Medien den Zugang zu Informationen erschweren.",,TRUE_FALSE,Richtig,Falsch,,,B,5,13
Aufgabe 7,B2,"Die zunehmende Nutzung digitaler Medien hat verändert, wie Menschen Informationen aufnehmen. Während Nachrichten früher häufig über Zeitungen oder Fernsehsendungen konsumiert wurden, erreichen Informationen heute innerhalb weniger Sekunden ein großes Publikum. Diese Entwicklung erleichtert zwar den Zugang zu Nachrichten, erhöht jedoch gleichzeitig die Verantwortung der Nutzer. Sie müssen stärker darauf achten, zwischen seriösen Informationen und unbelegten Behauptungen zu unterscheiden.",Welche neue Verantwortung wird für Nutzer digitaler Medien genannt?,,MULTIPLE_CHOICE,Sie müssen weniger Informationen lesen.,Sie müssen Informationen schneller veröffentlichen.,Sie müssen die Zuverlässigkeit von Informationen stärker prüfen.,Sie müssen ausschließlich Zeitungen lesen.,C,5,14
Aufgabe 8,B2,"Viele Städte investieren inzwischen in den Ausbau des öffentlichen Nahverkehrs. Dahinter steht nicht nur das Ziel, den Autoverkehr zu reduzieren. Ein gut ausgebautes Verkehrsnetz kann auch Menschen zugutekommen, die kein eigenes Auto besitzen. Allerdings führt der Ausbau allein nicht automatisch zu einer stärkeren Nutzung öffentlicher Verkehrsmittel. Entscheidend sind unter anderem die Zuverlässigkeit, die Preise und die Erreichbarkeit verschiedener Stadtteile.",Welche Aussage entspricht dem Text?,,MULTIPLE_CHOICE,Öffentliche Verkehrsmittel werden nur von Autofahrern genutzt.,Der Ausbau des Verkehrsnetzes garantiert automatisch mehr Fahrgäste.,Mehrere Faktoren beeinflussen die Nutzung öffentlicher Verkehrsmittel.,Der Preis spielt bei der Verkehrsmittelwahl keine Rolle.,C,5,15
Aufgabe 8,B2,"Viele Städte investieren inzwischen in den Ausbau des öffentlichen Nahverkehrs. Dahinter steht nicht nur das Ziel, den Autoverkehr zu reduzieren. Ein gut ausgebautes Verkehrsnetz kann auch Menschen zugutekommen, die kein eigenes Auto besitzen. Allerdings führt der Ausbau allein nicht automatisch zu einer stärkeren Nutzung öffentlicher Verkehrsmittel. Entscheidend sind unter anderem die Zuverlässigkeit, die Preise und die Erreichbarkeit verschiedener Stadtteile.","Ein gut ausgebautes Verkehrsnetz kann besonders Menschen helfen, die kein eigenes ______ besitzen.",,CLOZE_TEXT,Fahrrad,Auto,Haus,Ticket,B,5,16
Aufgabe 9,C1,"Die Diskussion über die Auswirkungen künstlicher Intelligenz auf den Arbeitsmarkt wird häufig von zwei gegensätzlichen Positionen geprägt. Während die einen vor einem massiven Verlust von Arbeitsplätzen warnen, betonen andere die Möglichkeit, dass durch Automatisierung neue Tätigkeitsfelder entstehen. Beide Perspektiven greifen jedoch zu kurz, wenn sie technologische Veränderungen isoliert betrachten. Entscheidend dürfte vielmehr sein, wie schnell sich Bildungssysteme, Unternehmen und Arbeitnehmer an veränderte Anforderungen anpassen können.",Welche Position vertritt der Text?,,MULTIPLE_CHOICE,Künstliche Intelligenz wird ausschließlich Arbeitsplätze vernichten.,Neue Technologien haben keinen Einfluss auf den Arbeitsmarkt.,"Die Auswirkungen hängen auch davon ab, wie sich gesellschaftliche Institutionen anpassen.",Bildungssysteme sollten unverändert bleiben.,C,5,17
Aufgabe 9,C1,"Die Diskussion über die Auswirkungen künstlicher Intelligenz auf den Arbeitsmarkt wird häufig von zwei gegensätzlichen Positionen geprägt. Während die einen vor einem massiven Verlust von Arbeitsplätzen warnen, betonen andere die Möglichkeit, dass durch Automatisierung neue Tätigkeitsfelder entstehen. Beide Perspektiven greifen jedoch zu kurz, wenn sie technologische Veränderungen isoliert betrachten. Entscheidend dürfte vielmehr sein, wie schnell sich Bildungssysteme, Unternehmen und Arbeitnehmer an veränderte Anforderungen anpassen können.",Der Text stellt die beiden extremen Positionen als vollständig ausreichend dar.,,TRUE_FALSE,Richtig,Falsch,,,B,5,18
Aufgabe 10,C1,"Politische Entscheidungen werden nicht selten anhand kurzfristig sichtbarer Ergebnisse bewertet. Eine solche Betrachtungsweise kann jedoch zu Fehleinschätzungen führen, wenn Maßnahmen erst nach mehreren Jahren ihre Wirkung entfalten. Umgekehrt kann eine kurzfristige Verbesserung langfristig mit unerwarteten Folgekosten verbunden sein. Eine differenzierte Bewertung sollte deshalb nicht nur unmittelbare Resultate berücksichtigen, sondern auch mögliche Nebenwirkungen und unterschiedliche zeitliche Perspektiven einbeziehen.",Was fordert der Text für eine differenzierte Bewertung?,,MULTIPLE_CHOICE,Nur kurzfristige Ergebnisse zu berücksichtigen.,Ausschließlich finanzielle Kosten zu betrachten.,Kurz- und langfristige Auswirkungen sowie mögliche Nebenwirkungen einzubeziehen.,Politische Entscheidungen grundsätzlich nicht zu bewerten.,C,5,19
Aufgabe 10,C1,"Politische Entscheidungen werden nicht selten anhand kurzfristig sichtbarer Ergebnisse bewertet. Eine solche Betrachtungsweise kann jedoch zu Fehleinschätzungen führen, wenn Maßnahmen erst nach mehreren Jahren ihre Wirkung entfalten. Umgekehrt kann eine kurzfristige Verbesserung langfristig mit unerwarteten Folgekosten verbunden sein. Eine differenzierte Bewertung sollte deshalb nicht nur unmittelbare Resultate berücksichtigen, sondern auch mögliche Nebenwirkungen und unterschiedliche zeitliche Perspektiven einbeziehen.",Eine kurzfristige Verbesserung kann langfristig mit unerwarteten ______ verbunden sein.,,CLOZE_TEXT,Folgekosten,Ergebnissen,Perspektiven,Entscheidungen,A,5,20
